customer_id,hotel_id,room_id,date_id,channel_id,nights,total_amount,status
55,2,4,123,2,5,700.3,Completed
67,4,1,167,4,5,391.72,Completed
8,8,6,279,2,5,1077.46,Completed
99,4,9,75,4,1,434.6,Completed
19,4,9,86,2,1,425.7,Completed
76,8,4,239,2,10,1535.84,Completed
3,8,15,210,1,6,838.57,Completed
68,9,6,144,4,8,1428.65,Completed
95,10,13,268,1,9,2431.5,Completed
76,5,12,167,1,9,2180.61,Completed
19,3,10,59,3,10,6316.24,Completed
78,3,2,132,3,9,794.06,Completed
82,9,15,137,5,4,545.54,Completed
14,5,2,257,3,8,721.87,Completed
54,4,8,4,1,10,2997.99,Completed
90,7,5,164,2,9,1259.32,Completed
55,4,13,130,1,5,1417.85,Completed
55,1,7,303,4,7,1937.18,Completed
4,9,13,256,4,7,1801.51,Completed
68,9,13,279,1,3,1042.12,Completed
10,3,4,347,5,9,1140.64,Completed
32,7,8,61,1,9,2265.54,Completed
93,10,5,81,3,8,1024.81,Pending
89,1,15,37,2,4,413.92,Completed
21,3,7,341,3,6,1216.32,Completed
69,1,15,255,5,8,922.14,Completed
54,4,9,141,5,4,1601.76,Completed
92,9,6,54,5,7,1368.86,Completed
30,10,14,326,1,3,2062.92,Completed
21,5,8,176,5,7,1657.99,Completed
20,2,13,86,5,7,1794.0,Completed
20,7,3,245,2,7,770.33,Completed
61,1,4,29,5,3,466.15,Completed
85,1,10,139,5,2,1478.5,Completed
3,6,1,87,1,6,579.96,Completed
67,9,9,18,2,8,3518.85,Completed
90,4,8,80,4,9,2253.5,Cancelled
64,6,10,263,5,7,4702.17,Pending
46,1,11,279,1,10,2410.13,Completed
22,8,4,213,4,5,688.26,Completed
86,1,12,347,5,8,1940.13,Completed
43,5,15,70,2,1,103.85,Completed
14,6,3,83,5,8,1027.77,Pending
52,5,3,309,2,1,122.13,Completed
12,5,5,34,4,8,999.39,Completed
26,2,12,274,1,5,1241.2,Completed
49,9,6,170,3,5,926.46,Completed
37,1,8,169,2,6,1816.65,Completed
4,10,7,355,5,2,437.04,Completed
14,8,6,113,3,9,1805.26,Completed
69,6,4,253,3,8,1208.71,Completed
40,9,4,303,4,9,1258.37,Completed
10,2,12,29,4,2,613.12,Completed
70,9,6,249,5,1,169.22,Completed
43,6,1,183,3,4,331.33,Completed
100,3,6,244,3,3,571.7,Completed
21,2,13,144,5,6,2072.33,Completed
52,1,6,102,2,9,1771.88,Completed
79,6,14,327,3,8,6243.8,Completed
44,1,14,125,1,5,3604.47,Completed
48,4,6,205,1,9,1809.21,Pending
78,9,10,81,1,2,1459.18,Pending
65,1,11,158,5,2,433.15,Completed
35,8,10,336,2,3,2238.51,Completed
57,10,15,157,2,3,388.69,Completed
1,1,4,148,2,2,252.76,Completed
52,3,13,242,5,5,1651.23,Completed
9,10,11,132,3,1,213.88,Completed
30,5,8,92,1,9,2624.47,Completed
86,9,12,297,1,4,1055.7,Completed
70,10,3,112,3,4,565.76,Completed
37,2,14,84,3,9,7030.95,Pending
69,10,11,273,1,3,571.82,Completed
32,6,7,276,1,2,402.24,Completed
15,8,5,307,1,8,1308.39,Completed
41,4,15,47,3,10,1049.58,Completed
29,1,14,113,3,6,4259.05,Pending
46,8,6,89,4,4,740.94,Cancelled
89,2,2,202,5,6,674.07,Completed
19,5,8,266,5,4,1059.77,Completed
55,8,3,226,5,9,1042.49,Completed
19,3,12,31,5,8,2483.14,Completed
58,4,3,41,1,10,1464.83,Cancelled
77,2,3,158,1,1,130.36,Cancelled
41,9,7,191,5,2,440.46,Completed
87,4,9,59,5,8,2688.74,Completed
95,7,14,12,5,9,6875.09,Completed
85,1,13,348,5,8,2420.28,Completed
97,2,3,158,2,4,555.09,Completed
60,8,13,137,2,1,265.63,Completed
19,1,2,361,4,3,346.73,Pending
43,3,15,71,1,5,714.34,Pending
18,6,12,131,4,5,1261.59,Completed
93,7,6,29,5,8,1848.6,Completed
69,5,11,359,5,8,1813.16,Completed
22,10,5,266,5,9,1462.38,Completed
30,9,1,238,2,5,478.42,Completed
31,4,4,351,2,4,578.78,Completed
15,6,15,71,4,8,1094.88,Completed
42,1,15,60,3,4,473.61,Completed
16,3,10,150,2,9,6747.29,Completed
42,8,8,89,3,2,607.42,Completed
78,4,12,295,1,8,2348.7,Completed
4,8,8,21,5,7,2118.45,Pending
38,9,6,56,3,8,1534.77,Completed
18,1,8,103,4,1,259.07,Completed
88,9,13,111,4,2,504.53,Completed
36,7,4,6,1,9,1251.11,Completed
6,1,4,255,1,10,1329.31,Completed
76,3,1,283,3,3,304.81,Completed
39,2,10,277,3,3,2105.48,Completed
83,4,7,137,3,3,678.37,Completed
14,8,14,206,3,8,6659.65,Completed
16,2,12,56,3,5,1362.92,Completed
81,7,7,113,3,8,1858.59,Completed
57,9,10,310,4,7,4268.98,Completed
49,4,11,232,1,9,1948.15,Completed
72,8,10,245,4,9,4954.96,Completed
15,10,1,98,1,9,696.14,Completed
23,8,5,166,3,10,1184.11,Completed
50,2,2,231,3,6,534.51,Completed
42,1,3,181,4,7,976.63,Completed
98,8,13,131,1,10,2671.03,Completed
44,1,5,297,1,8,955.46,Completed
36,10,6,245,5,2,455.28,Completed
55,7,2,64,5,10,910.61,Pending
68,1,7,287,4,10,2230.1,Completed
10,3,15,310,4,6,818.36,Completed
33,9,9,87,3,3,1304.51,Completed
54,4,14,157,2,5,3403.47,Completed
16,7,6,31,3,6,1228.98,Completed
24,2,11,146,2,9,1925.28,Completed
23,7,14,68,2,1,725.18,Completed
70,7,1,86,1,6,448.55,Completed
65,10,12,335,2,2,450.82,Pending
32,8,4,8,3,8,1237.76,Completed
39,8,2,240,4,8,987.52,Completed
46,1,12,45,5,6,1546.61,Completed
5,7,9,19,2,2,904.28,Completed
19,2,6,119,3,6,1216.37,Completed
83,1,6,234,2,5,827.43,Pending
14,5,2,171,5,5,601.21,Completed
87,4,14,46,4,2,1407.07,Cancelled
8,10,6,270,3,8,1657.65,Completed
63,8,6,362,2,3,546.28,Completed
41,2,4,183,5,4,614.44,Completed
94,5,5,130,5,5,804.45,Cancelled
46,9,14,310,5,3,2063.67,Pending
5,2,13,280,3,7,1919.54,Pending
68,10,3,346,5,7,950.91,Completed
11,9,4,216,5,10,1274.95,Completed
88,5,15,71,2,3,304.75,Completed
61,7,12,218,2,3,794.28,Completed
72,3,6,97,1,10,1939.34,Completed
55,8,11,300,5,10,1820.48,Completed
19,8,8,122,2,9,2909.46,Completed
59,7,13,156,2,9,2745.16,Completed
47,6,15,160,1,5,522.53,Completed
11,10,7,103,3,4,1099.2,Completed
9,6,13,157,3,8,2777.89,Completed
59,7,8,307,2,2,484.93,Completed
17,6,4,196,3,3,533.89,Completed
86,3,4,244,5,2,276.41,Completed
78,9,13,87,2,2,582.77,Cancelled
62,1,7,74,4,10,2825.65,Completed
78,3,1,334,2,1,86.91,Completed
41,3,14,58,3,6,4601.48,Completed
60,3,3,303,1,5,541.59,Completed
35,10,13,303,1,7,1774.61,Cancelled
97,3,5,226,3,1,165.15,Completed
90,6,15,70,2,9,944.56,Completed
85,7,9,314,1,6,2442.15,Completed
16,7,15,178,1,5,528.2,Completed
54,9,3,212,3,7,924.85,Completed
21,4,1,3,4,6,532.32,Completed
43,9,1,241,2,7,530.4,Completed
58,7,1,323,4,4,296.19,Completed
87,7,10,71,1,4,2409.26,Completed
33,6,10,200,1,3,1855.6,Completed
12,7,4,57,3,8,1407.08,Completed
87,3,6,23,3,2,437.86,Completed
3,7,4,118,5,7,1238.46,Completed
41,10,6,75,5,3,677.12,Completed
21,5,12,144,2,7,1604.43,Completed
74,9,3,204,2,2,311.76,Completed
79,4,10,321,2,5,3224.7,Completed
15,7,15,31,1,1,135.96,Completed
45,5,4,81,1,8,1185.93,Completed
31,1,5,203,3,4,563.96,Completed
81,4,14,233,5,7,5331.7,Completed
38,6,9,126,4,7,2271.08,Completed
27,4,9,221,3,4,1707.51,Pending
40,2,9,221,4,4,1264.01,Completed
93,6,1,321,2,9,858.1,Completed
60,8,13,1,1,3,791.68,Completed
80,10,6,198,2,6,1217.29,Completed
36,4,10,59,3,4,2685.2,Completed
2,2,8,105,1,4,1038.3,Completed
83,4,9,294,2,4,1586.37,Completed
46,4,13,179,5,7,2161.92,Completed
98,2,4,2,4,5,699.44,Completed
33,9,13,237,1,3,762.48,Completed
87,1,1,257,4,6,610.3,Completed
94,3,15,317,4,10,1426.09,Completed
79,8,3,122,3,8,1058.6,Pending
62,5,3,127,2,1,122.3,Completed
100,6,13,291,3,1,298.05,Pending
61,8,2,194,2,5,451.15,Completed
92,4,2,48,1,6,675.81,Completed
27,5,1,134,2,4,325.58,Completed
59,9,15,358,4,7,750.16,Completed
64,9,1,28,2,7,571.61,Completed
56,1,13,37,4,5,1653.76,Pending
64,5,8,24,5,8,2495.1,Completed
39,1,9,241,2,2,864.08,Completed
22,5,4,329,2,7,1095.17,Completed
92,6,6,294,5,5,937.63,Completed
54,9,5,227,1,5,700.07,Completed
68,6,14,328,4,10,7409.57,Completed
13,4,12,249,5,2,528.62,Completed
33,3,6,180,4,4,712.27,Completed
68,9,5,330,4,10,1307.9,Completed
95,3,9,132,1,7,2920.16,Completed
45,1,15,98,2,2,238.94,Completed
43,4,2,216,5,7,687.19,Completed
99,5,9,225,1,8,2762.74,Completed
81,3,8,335,2,9,2859.93,Cancelled
50,4,14,168,3,7,5315.18,Pending
43,2,2,15,5,4,405.53,Completed
12,9,13,9,2,1,342.22,Completed
92,2,9,226,3,3,969.46,Completed
5,3,4,234,3,10,1320.51,Completed
45,3,13,195,4,5,1404.9,Completed
94,7,3,292,5,2,225.17,Completed
88,2,14,66,2,10,8591.79,Completed
98,8,14,207,3,9,6804.71,Completed
11,9,9,319,2,6,1900.22,Completed
49,4,6,349,3,1,191.25,Completed
97,2,13,129,4,5,1628.46,Completed
98,1,3,231,2,6,722.32,Completed
77,7,14,114,4,5,4416.39,Completed
73,9,14,360,2,10,6859.87,Completed
30,1,12,195,2,6,1631.94,Completed
19,3,12,11,5,5,1166.37,Completed
33,1,3,133,3,9,1339.11,Completed
90,3,12,192,1,4,1223.58,Completed
55,7,9,59,1,1,371.44,Completed
97,7,9,50,5,4,1280.0,Completed
38,5,15,251,3,9,1236.08,Completed
77,3,6,145,5,7,1251.96,Completed
63,5,1,43,4,1,86.24,Completed
76,3,15,250,5,4,517.18,Completed
8,8,8,31,5,8,2174.21,Completed
56,9,5,231,4,8,1096.27,Completed
30,10,3,273,1,2,276.77,Completed
56,9,14,140,1,3,2026.72,Completed
68,1,4,203,5,4,673.72,Completed
78,7,8,67,1,7,2228.1,Completed
91,8,12,193,4,3,715.62,Completed
39,8,14,65,2,7,5086.37,Completed
82,5,14,176,2,6,5340.16,Completed
13,6,8,268,2,6,1426.27,Completed
80,8,15,61,1,10,1125.47,Completed
85,2,4,248,4,8,1430.38,Completed
20,6,6,80,2,5,962.56,Completed
13,5,3,291,4,2,277.95,Pending
76,9,2,85,2,8,788.57,Completed
61,7,8,206,1,8,2328.23,Pending
24,6,1,205,5,10,721.18,Completed
49,9,5,260,2,3,474.83,Completed
57,8,12,184,5,6,1485.22,Completed
77,5,12,358,3,7,2029.8,Completed
36,1,11,220,1,8,2021.7,Completed
18,3,13,264,1,9,2886.47,Completed
67,8,8,233,1,3,954.83,Completed
21,4,8,24,4,1,320.4,Completed
44,8,13,110,2,6,1838.66,Completed
38,5,9,301,1,5,1854.62,Completed
4,4,2,15,5,4,383.86,Completed
60,5,2,73,3,5,535.33,Pending
59,5,12,185,4,6,1654.46,Completed
21,1,11,86,3,10,1865.05,Completed
5,1,1,104,2,9,866.16,Pending
21,5,1,144,5,7,525.89,Completed
99,9,7,247,5,8,2175.4,Completed
35,5,6,330,4,1,185.48,Completed
17,2,9,159,5,1,426.81,Pending
41,1,3,351,5,2,227.48,Completed
58,2,15,296,5,2,227.81,Completed
76,4,3,111,1,4,445.12,Pending
33,8,12,258,3,1,302.98,Completed
37,7,13,137,5,6,1534.36,Completed
95,1,15,301,1,1,129.03,Completed
93,4,2,174,3,3,361.74,Completed
45,2,15,100,5,5,624.37,Completed
70,6,8,347,5,3,750.27,Completed
69,7,10,279,3,5,3026.8,Completed
37,3,14,17,2,5,3739.36,Completed
73,9,10,283,5,8,4865.52,Cancelled
34,5,12,232,1,3,709.54,Completed
77,8,8,277,5,10,2739.25,Completed
20,10,4,342,3,10,1365.03,Completed
16,9,5,224,5,2,238.6,Completed
60,6,11,40,3,7,1549.79,Completed
24,10,9,122,3,10,3662.62,Cancelled
87,5,7,232,2,8,2033.4,Completed
37,7,8,258,3,2,637.67,Completed
51,7,7,97,2,7,1854.54,Completed
93,3,8,352,5,2,526.87,Completed
26,9,15,248,5,4,425.39,Completed
85,6,5,163,4,7,1038.22,Completed
4,7,10,336,4,6,4425.6,Completed
30,4,8,197,5,7,1748.48,Completed
64,2,9,106,2,2,754.17,Completed
67,1,3,248,4,2,233.57,Completed
49,2,6,346,4,8,1714.5,Completed
96,10,2,309,4,7,667.59,Completed
88,4,3,112,5,4,574.32,Completed
72,5,15,139,4,1,114.57,Completed
3,1,9,231,2,1,417.45,Completed
46,6,2,59,2,2,197.79,Completed
20,5,5,39,4,1,121.44,Completed
24,8,8,195,5,3,873.75,Completed
67,3,15,148,4,3,428.63,Completed
28,7,13,93,3,9,3059.06,Completed
57,4,10,129,5,4,2924.36,Completed
8,5,14,59,5,3,2270.78,Pending
87,7,7,73,3,5,1285.51,Completed
3,7,5,337,5,1,139.36,Completed
46,3,7,282,2,2,529.77,Completed
2,7,3,311,2,6,884.06,Completed
7,3,10,261,3,5,3842.28,Completed
27,9,8,172,5,6,1446.08,Completed
75,7,12,146,1,5,1551.29,Completed
47,5,4,150,4,4,562.5,Completed
27,4,14,208,1,6,4749.3,Completed
21,3,3,242,2,9,974.44,Completed
100,3,15,170,3,4,439.51,Completed
74,2,10,99,5,10,7751.29,Pending
52,3,11,220,2,8,1748.83,Completed
37,4,8,173,1,4,1260.2,Pending
89,9,1,298,3,10,863.44,Completed
12,7,1,110,1,3,236.99,Completed
99,3,8,236,1,1,235.92,Completed
33,6,3,271,1,10,1291.99,Completed
8,2,3,314,5,7,1012.1,Cancelled
73,4,1,180,1,8,804.44,Pending
88,9,14,285,4,2,1723.88,Completed
12,3,9,321,2,8,3183.15,Completed
62,7,6,311,1,8,1819.69,Completed
98,9,8,304,4,7,2096.85,Completed
19,3,11,326,3,10,2324.74,Completed
18,8,11,295,5,1,212.2,Completed
40,6,5,347,5,1,168.7,Completed
30,6,2,294,2,3,290.41,Completed
1,4,7,349,2,4,909.79,Completed
43,4,7,235,4,8,2045.43,Completed
30,9,3,238,5,6,727.6,Completed
35,4,2,278,1,6,714.65,Completed
34,5,13,29,2,10,3213.91,Cancelled
44,8,7,244,4,9,2272.52,Completed
13,10,4,215,4,4,555.24,Completed
53,1,13,272,3,10,3559.99,Completed
42,1,1,41,1,6,611.73,Completed
98,1,10,53,5,4,2352.28,Completed
36,9,11,46,5,7,1582.9,Completed
8,10,13,297,4,6,1787.16,Completed
94,2,9,139,4,2,762.09,Completed
3,3,13,57,2,8,2224.66,Pending
65,2,11,110,1,10,2219.64,Completed
78,10,9,51,4,9,3917.86,Completed
4,9,7,188,1,8,1807.75,Completed
88,1,12,62,3,9,2674.23,Completed
77,5,15,133,4,1,129.32,Completed
96,3,13,235,5,3,851.62,Completed
81,8,1,300,1,6,529.09,Completed
70,2,12,258,1,3,785.58,Completed
42,3,2,14,4,7,650.95,Completed
57,1,15,219,3,8,880.34,Completed
25,8,3,308,4,4,497.57,Completed
40,9,3,154,1,2,225.24,Completed
33,3,12,351,5,7,2085.29,Completed
87,5,13,92,1,10,3344.56,Completed
6,7,11,197,1,7,1806.2,Completed
49,4,9,144,4,9,3491.95,Completed
93,4,1,118,1,2,160.03,Completed
74,1,11,132,4,3,714.64,Completed
20,10,6,94,3,5,901.95,Completed
46,4,7,281,4,9,2448.83,Completed
15,4,1,344,5,1,96.11,Pending
7,10,15,337,4,1,100.15,Completed
92,9,11,354,3,10,2244.37,Completed
2,3,5,221,4,9,1161.13,Completed
5,1,8,294,3,4,1129.68,Completed
25,5,4,4,3,7,887.9,Completed
94,9,13,55,1,2,572.15,Completed
77,8,15,301,5,5,563.71,Completed
50,7,10,236,5,8,4421.75,Pending
40,1,2,208,1,6,706.92,Completed
29,1,10,176,3,1,597.27,Completed
29,2,15,54,1,10,1404.06,Completed
5,9,9,202,3,10,3483.04,Completed
3,4,8,265,1,7,1585.39,Completed
96,2,14,212,4,2,1606.09,Completed
90,6,9,197,3,10,3152.8,Completed
65,7,11,68,2,7,1382.49,Completed
41,9,14,55,3,2,1736.45,Completed
96,3,13,307,2,6,2101.41,Completed
38,1,6,112,4,4,922.62,Completed
59,10,9,362,2,9,3680.24,Completed
79,8,5,114,2,3,399.21,Completed
86,10,7,24,1,1,201.7,Completed
83,6,12,329,1,2,575.03,Completed
68,10,9,324,4,8,2702.99,Completed
75,10,11,100,4,6,1139.86,Completed
58,9,3,91,5,8,965.51,Completed
66,5,10,41,4,6,4383.86,Completed
63,9,6,172,2,5,946.19,Completed
100,3,4,111,2,6,992.14,Completed
66,8,6,113,4,4,692.73,Completed
46,7,15,40,1,5,623.76,Pending
30,8,1,246,1,6,525.8,Completed
54,2,6,251,4,8,1708.15,Pending
75,7,9,315,3,6,2322.38,Completed
51,6,14,158,3,5,4057.98,Completed
82,3,3,22,5,1,141.55,Completed
40,3,3,247,5,2,254.87,Pending
78,7,1,361,3,5,439.03,Completed
93,6,15,79,2,3,396.66,Completed
85,1,10,244,2,4,2284.64,Cancelled
77,5,14,99,5,8,5474.52,Completed
74,10,6,11,5,1,192.27,Completed
31,2,14,325,4,10,8436.75,Completed
51,3,13,100,4,7,1838.2,Completed
66,9,2,257,3,4,460.63,Cancelled
55,10,5,163,3,3,439.17,Completed
31,10,2,168,4,9,865.53,Completed
91,3,5,192,3,9,1436.56,Completed
39,10,9,256,2,1,380.74,Completed
94,5,15,53,1,8,986.35,Completed
94,1,1,33,1,5,477.66,Completed
60,8,7,295,3,1,280.73,Pending
86,2,8,205,3,4,955.48,Completed
57,4,7,227,5,10,2179.45,Completed
99,3,15,124,5,8,959.82,Completed
96,4,10,279,4,9,4929.23,Completed
58,6,15,208,5,4,491.74,Completed
73,4,8,332,1,4,1175.83,Completed
94,7,9,80,2,3,1060.05,Completed
72,1,1,22,4,9,663.13,Completed
14,6,5,307,3,5,775.43,Completed
81,6,4,178,3,1,155.32,Completed
75,4,3,91,1,7,810.75,Completed
87,6,3,332,3,9,1292.27,Completed
59,4,3,150,1,6,848.52,Completed
23,6,7,168,3,3,680.06,Completed
54,6,15,276,5,4,473.27,Pending
4,4,5,119,5,8,993.78,Completed
27,9,15,24,4,9,1203.25,Completed
85,7,4,218,5,1,172.83,Completed
33,6,8,169,5,10,2378.61,Completed
100,2,13,7,3,2,588.69,Completed
71,6,15,69,2,8,1138.26,Completed
35,1,12,135,3,4,1216.33,Completed
25,9,1,209,1,1,103.48,Completed
39,6,3,267,1,9,1280.15,Completed
91,3,14,148,3,2,1745.45,Cancelled
72,4,11,207,4,7,1276.54,Completed
64,2,1,245,2,6,589.01,Completed
34,3,6,333,3,9,2001.94,Completed
46,4,13,322,1,7,2036.61,Completed
9,5,15,38,1,8,865.1,Pending
76,8,15,13,5,5,624.57,Pending
77,9,13,87,4,2,699.7,Completed
46,3,10,284,3,10,7448.64,Completed
94,10,8,295,3,4,1155.43,Completed
2,9,15,199,3,8,1114.3,Completed
20,8,12,332,5,7,1647.69,Completed
53,7,3,71,3,8,1102.97,Completed
73,5,2,72,4,6,632.76,Completed
87,6,14,319,2,8,6005.25,Completed
25,10,4,341,2,10,1417.18,Completed
51,5,8,135,1,3,729.59,Completed
18,8,15,281,5,7,839.85,Completed
22,2,2,353,2,7,749.07,Completed
94,6,3,151,2,4,550.82,Completed
55,3,8,26,3,10,2950.44,Completed
31,8,1,42,3,9,668.52,Completed
88,6,6,244,1,4,746.51,Completed
73,9,8,47,5,3,917.74,Completed
100,10,8,334,4,9,2063.21,Completed
66,8,1,206,1,4,314.67,Completed
51,8,13,146,3,4,1023.11,Completed
95,10,1,48,2,5,470.56,Completed
83,4,9,46,3,7,2605.43,Completed
1,3,6,48,5,10,1782.93,Completed
77,9,12,182,1,7,1598.87,Completed
77,8,4,141,5,7,1052.73,Completed
52,5,9,299,3,3,1361.3,Completed
63,7,13,339,5,8,2872.55,Completed
84,4,2,317,3,6,581.11,Pending
65,6,11,168,2,1,197.22,Completed
59,3,14,18,5,7,5806.03,Completed
81,5,2,258,4,2,219.14,Completed
20,4,6,149,1,1,163.35,Completed
22,10,3,84,2,3,436.99,Completed
1,9,1,24,2,10,1031.46,Pending
56,1,10,261,5,9,4887.2,Completed
5,9,7,268,4,4,1037.37,Pending
100,9,13,12,2,9,2633.17,Completed
58,2,13,15,2,1,298.47,Completed
62,3,4,328,4,6,1054.88,Completed
18,4,2,39,4,4,386.2,Completed
1,2,3,270,2,1,138.34,Cancelled
57,8,12,222,4,4,990.19,Completed
58,10,9,349,1,5,1722.03,Completed
80,9,13,176,3,6,1598.35,Cancelled
69,10,11,225,2,8,1812.87,Completed
65,3,1,82,1,10,724.5,Completed
9,3,6,292,5,1,193.09,Completed
52,7,4,173,4,3,425.82,Completed
92,9,12,129,3,9,2533.14,Pending
31,3,1,297,4,10,788.71,Completed
20,4,6,172,2,7,1361.29,Completed
86,10,11,169,1,3,774.68,Completed
81,9,14,253,4,9,5689.86,Pending
55,3,4,311,4,8,1162.59,Completed
61,5,12,14,4,7,1719.79,Completed
20,9,10,301,3,8,4816.96,Pending
87,9,6,255,4,5,870.15,Pending
83,9,12,347,5,5,1116.43,Cancelled
30,9,2,241,2,7,854.34,Completed
82,5,14,361,2,9,7611.97,Completed
56,3,11,282,1,7,1738.65,Completed
2,10,6,266,4,4,735.77,Completed
30,3,7,336,3,5,1131.5,Completed
96,6,2,98,1,10,1178.66,Completed
98,9,4,224,5,1,174.28,Completed
7,2,8,205,3,9,2777.83,Completed
67,6,11,308,1,5,1039.3,Completed
50,6,15,245,3,10,1043.88,Pending
66,9,5,168,3,1,124.72,Completed
30,4,3,142,1,6,931.15,Completed
16,4,5,169,1,3,393.68,Pending
43,5,9,92,3,10,3327.58,Completed
74,1,1,326,2,1,72.83,Completed
4,9,4,193,3,7,1125.83,Completed
33,1,12,183,1,9,2802.58,Completed
81,5,15,357,3,4,473.49,Completed
54,4,3,149,5,2,308.28,Completed
4,2,1,296,2,4,408.38,Completed
35,9,2,354,2,9,796.93,Completed
63,5,8,328,3,4,1296.68,Completed
92,5,7,200,4,5,1379.92,Completed
21,7,8,204,2,10,2621.05,Completed
33,5,7,327,4,4,1131.98,Completed
12,2,11,86,1,5,1172.82,Completed
11,6,3,42,2,2,221.99,Completed
7,4,12,33,2,4,1008.57,Completed
46,10,4,69,4,6,824.95,Pending
20,9,5,1,2,4,478.53,Completed
7,8,9,67,4,10,3322.06,Completed
74,1,12,243,2,8,2161.14,Completed
66,5,8,118,1,9,2099.03,Completed
77,10,5,146,1,8,1030.28,Completed
100,6,14,51,5,1,750.13,Completed
18,7,11,131,1,3,721.49,Completed
13,6,11,172,5,5,953.84,Completed
86,8,10,306,1,4,2912.81,Completed
34,6,9,73,3,4,1789.59,Completed
77,4,7,166,5,9,1992.57,Completed
97,5,2,226,3,1,94.53,Completed
67,8,13,190,2,9,2525.15,Completed
37,9,8,147,4,8,2437.03,Completed
19,6,3,163,1,7,898.63,Completed
67,9,11,58,4,10,2077.31,Pending
72,4,13,284,5,10,2651.43,Completed
93,6,6,236,2,4,744.44,Completed
55,9,13,164,4,6,2150.02,Completed
63,7,11,361,3,9,1879.16,Completed
23,1,15,214,3,2,206.68,Completed
9,3,14,270,5,10,8692.42,Completed
78,1,2,21,4,6,581.55,Completed
23,4,12,125,4,6,1408.73,Completed
65,2,1,165,3,7,511.93,Completed
12,8,5,293,2,3,433.73,Completed
43,5,13,280,1,3,1065.56,Completed
16,6,2,212,5,2,219.5,Completed
14,3,12,225,4,5,1211.0,Completed
23,5,3,239,5,1,144.49,Completed
23,5,5,76,1,8,1153.77,Cancelled
20,1,15,329,4,4,531.33,Completed
52,7,10,243,3,9,5719.4,Completed
33,8,7,106,2,4,813.11,Cancelled
31,8,11,46,1,8,1473.85,Cancelled
18,9,9,137,5,5,2243.45,Completed
12,5,11,299,5,1,222.79,Completed
100,3,3,45,3,5,627.38,Completed
29,7,10,282,4,1,726.15,Completed
30,7,4,329,5,7,1078.5,Completed
73,4,12,157,1,4,881.63,Completed
18,1,2,183,1,4,486.57,Completed
57,3,1,73,3,8,669.32,Completed
52,10,6,119,2,10,1881.96,Cancelled
66,10,14,7,1,10,7727.97,Completed
93,7,3,211,3,2,294.51,Completed
5,9,8,257,1,8,2067.0,Completed
75,9,1,36,3,6,469.21,Completed
40,9,6,127,4,2,351.27,Completed
95,1,14,178,2,5,4111.9,Completed
30,2,15,354,5,8,1046.48,Completed
15,10,12,148,3,9,2242.1,Completed
36,8,10,260,1,2,1154.28,Cancelled
41,5,10,365,1,1,581.4,Pending
34,3,5,138,3,10,1640.78,Completed
79,4,13,292,2,2,547.51,Completed
12,10,15,82,3,7,724.0,Completed
80,3,13,98,1,7,1967.48,Completed
54,4,15,137,5,3,357.76,Completed
61,5,15,189,4,7,934.97,Cancelled
61,4,14,45,5,2,1525.17,Pending
51,6,9,307,3,4,1794.61,Completed
52,9,5,197,5,10,1310.93,Completed
80,5,10,342,4,5,3284.37,Completed
83,8,13,346,1,4,1284.16,Completed
53,8,10,288,1,8,5923.35,Completed
78,2,2,281,5,4,399.81,Completed
16,3,4,284,4,8,1277.23,Completed
63,9,12,299,5,4,1176.29,Completed
42,10,12,241,1,7,1609.77,Completed
100,7,7,175,3,5,1246.59,Completed
7,10,10,23,3,5,3820.16,Completed
63,3,7,228,2,6,1457.88,Completed
32,5,1,86,3,1,80.15,Completed
91,8,12,118,3,9,2482.47,Completed
37,7,15,277,3,1,132.95,Completed
54,3,9,277,5,4,1718.11,Completed
8,1,10,331,5,3,1775.16,Completed
34,7,4,54,4,9,1156.45,Pending
92,5,7,60,2,5,1048.32,Completed
66,1,11,260,3,9,1968.49,Completed
35,3,11,31,2,8,1643.84,Pending
98,6,1,111,1,1,92.69,Completed
90,6,5,90,3,9,1158.52,Completed
45,9,4,65,1,2,305.63,Completed
59,2,2,213,3,4,429.77,Completed
95,5,5,118,5,10,1463.95,Completed
4,9,4,334,2,5,631.44,Completed
33,5,8,93,2,3,968.78,Completed
29,6,7,20,3,1,216.89,Completed
68,10,3,354,3,1,135.66,Completed
72,10,9,265,3,5,2026.08,Completed
21,6,13,365,3,9,3128.2,Completed
22,1,8,4,5,1,261.17,Completed
25,2,1,83,4,5,370.52,Pending
39,1,1,66,5,3,225.27,Completed
35,4,12,340,5,5,1418.84,Completed
95,5,11,92,3,4,781.68,Completed
55,8,3,254,5,6,786.69,Completed
82,4,6,5,4,6,1313.67,Completed
100,9,4,78,3,4,561.16,Pending
15,6,11,320,3,1,220.76,Completed
95,5,8,286,3,3,838.17,Completed
83,5,6,141,4,7,1189.17,Completed
26,9,8,206,4,4,1122.35,Pending
68,1,11,50,5,2,433.41,Completed
39,3,8,362,4,2,454.66,Completed
49,3,15,29,5,5,682.29,Completed
10,7,2,170,5,6,606.21,Completed
58,6,7,127,3,8,1693.6,Completed
8,1,8,114,4,5,1523.49,Completed
29,3,8,310,5,7,2255.78,Pending
59,8,14,142,1,10,8857.28,Completed
82,3,5,293,1,2,321.25,Completed
71,6,6,76,5,5,819.39,Completed
33,5,4,225,1,7,1050.14,Completed
26,8,15,118,4,9,1220.15,Completed
87,4,9,253,3,1,384.34,Completed
88,3,10,355,1,2,1428.99,Completed
59,5,7,227,1,8,2157.74,Completed
83,10,2,278,5,8,901.59,Completed
71,4,2,225,3,6,686.98,Completed
27,3,10,148,2,7,4541.23,Completed
69,1,12,3,2,8,2440.46,Completed
84,1,6,57,2,2,376.38,Completed
36,8,3,108,5,2,237.45,Completed
48,3,11,352,1,9,2129.24,Completed
38,5,6,297,1,3,493.11,Completed
31,6,1,127,2,10,1018.63,Completed
83,8,11,66,1,1,218.76,Completed
42,9,14,358,4,1,631.89,Completed
16,4,1,12,2,6,517.25,Completed
3,2,3,116,5,9,1320.51,Completed
15,8,4,244,5,9,1502.38,Completed
33,9,9,59,1,1,414.05,Completed
83,4,3,161,5,4,443.05,Cancelled
71,7,11,96,2,5,1270.62,Completed
36,9,9,40,2,1,445.64,Completed
36,10,14,94,1,2,1262.85,Completed
1,7,10,357,1,9,5845.28,Completed
31,8,12,188,5,5,1202.09,Pending
17,9,15,330,1,2,225.5,Completed
12,7,10,330,5,3,1881.84,Completed
12,7,9,32,3,10,3856.29,Pending
68,10,5,64,5,8,1035.08,Completed
62,5,3,310,3,5,548.54,Completed
64,3,9,271,5,2,811.41,Completed
47,8,4,238,1,6,976.79,Completed
47,9,11,95,2,10,1971.6,Completed
29,2,3,12,4,2,265.54,Completed
5,7,10,267,1,8,4875.34,Completed
35,6,1,220,5,5,426.48,Completed
81,3,1,45,3,7,675.32,Pending
22,1,4,138,5,9,1467.35,Completed
54,10,7,364,3,2,570.75,Completed
18,7,14,293,3,10,7885.93,Completed
56,4,12,323,1,10,2447.45,Completed
100,7,1,254,5,8,673.12,Completed
6,3,12,353,3,6,1763.72,Completed
22,7,11,193,4,10,2035.39,Completed
26,7,5,150,2,1,128.21,Pending
12,10,12,169,4,9,2082.59,Completed
30,4,12,280,3,2,520.43,Completed
70,10,8,344,5,8,2548.95,Completed
63,7,13,225,2,7,2339.41,Completed
77,10,2,152,5,1,86.02,Completed
16,9,10,182,4,5,3862.99,Completed
65,10,4,224,4,1,145.54,Completed
61,5,6,212,1,3,641.5,Pending
43,7,10,96,4,1,599.27,Completed
11,2,11,128,4,3,691.63,Completed
92,2,4,32,4,1,159.02,Completed
58,8,6,298,1,1,195.67,Pending
38,4,7,186,1,7,1664.92,Completed
66,10,8,82,2,2,558.68,Completed
41,7,5,113,5,3,363.55,Completed
24,5,15,11,3,10,1389.4,Completed
88,4,10,357,5,9,4896.94,Completed
3,5,4,20,4,4,667.58,Completed
71,7,5,23,4,10,1577.61,Completed
96,7,10,98,2,6,3318.33,Completed
64,2,15,72,3,9,1162.41,Completed
98,7,13,151,3,7,1856.95,Completed
47,7,14,55,1,5,4356.11,Completed
91,1,9,108,4,7,2478.21,Completed
21,8,8,346,5,7,1994.61,Completed
45,6,12,283,1,10,2981.49,Completed
66,6,9,360,5,1,436.69,Completed
61,10,1,114,4,1,100.0,Cancelled
38,10,2,237,2,5,552.89,Completed
88,10,2,306,5,2,198.2,Completed
10,7,3,164,5,6,812.21,Completed
10,3,4,282,4,10,1645.15,Completed
56,5,13,144,2,7,2195.71,Completed
49,5,12,52,5,3,799.48,Completed
38,3,9,178,2,8,3289.35,Completed
53,3,6,29,5,7,1487.52,Completed
16,4,13,358,1,5,1439.47,Pending
79,3,11,365,1,9,1707.75,Completed
40,8,2,242,2,4,460.52,Completed
3,1,9,2,3,2,898.38,Completed
30,3,13,55,2,8,2465.77,Completed
64,7,3,305,4,3,440.06,Completed
22,5,7,117,2,10,2345.19,Completed
23,1,5,199,1,9,1330.8,Completed
44,10,10,35,3,1,668.13,Completed
17,8,15,168,3,5,713.06,Pending
33,4,11,154,4,3,770.73,Completed
55,6,6,193,5,3,496.73,Completed
13,4,7,255,4,1,248.99,Completed
85,9,2,144,2,9,1051.79,Completed
22,8,9,196,4,2,870.97,Pending
45,7,15,303,4,2,233.95,Pending
33,8,13,17,5,8,2305.57,Completed
72,8,13,320,4,4,1404.22,Pending
18,8,5,204,5,7,920.58,Completed
8,6,14,346,4,4,2875.96,Pending
9,9,5,181,1,10,1585.44,Completed
81,9,4,194,3,3,451.16,Completed
42,8,12,40,1,10,2780.33,Completed
50,5,12,128,2,4,1122.69,Completed
66,9,10,336,3,7,4074.96,Completed
72,3,11,207,5,9,2292.28,Completed
91,9,1,357,4,10,732.31,Cancelled
65,1,12,167,4,4,986.3,Completed
84,1,3,309,5,3,453.48,Completed
27,2,4,11,1,3,443.27,Pending
91,1,4,317,5,10,1371.07,Pending
21,3,15,316,5,8,802.9,Completed
13,7,13,52,3,6,1594.14,Completed
1,3,10,151,2,8,4601.47,Completed
75,8,10,308,5,1,668.52,Completed
27,7,14,269,3,9,8009.06,Completed
62,10,2,304,4,6,719.72,Completed
58,10,1,253,2,9,825.19,Completed
59,5,2,361,5,9,1106.9,Completed
40,9,15,350,2,6,631.52,Completed
84,6,2,311,3,9,1083.9,Completed
54,1,12,299,3,2,575.18,Completed
47,7,1,241,1,4,332.33,Completed
78,8,6,330,2,10,1999.85,Completed
65,8,15,255,4,1,100.8,Completed
39,7,14,152,3,7,5008.91,Completed
48,8,4,195,4,4,725.46,Completed
37,6,3,333,2,4,553.36,Completed
89,1,7,295,5,6,1539.4,Completed
42,10,13,114,1,2,719.58,Completed
25,4,3,357,2,3,439.87,Completed
70,8,14,175,1,10,8484.74,Completed
66,3,10,78,3,8,5456.07,Completed
53,7,11,83,4,9,2154.04,Completed
82,10,12,271,5,4,1171.28,Pending
62,3,15,295,5,5,689.33,Completed
30,9,4,231,4,2,275.61,Completed
47,3,3,304,5,7,1034.29,Cancelled
57,10,8,98,5,4,936.53,Completed
48,6,5,20,4,7,944.44,Completed
34,4,14,134,3,2,1782.42,Completed
91,2,6,265,3,4,935.76,Completed
62,4,7,10,1,10,2185.18,Cancelled
44,5,11,144,1,5,1185.76,Completed
93,3,15,60,4,2,277.76,Completed
40,1,11,44,5,10,2495.39,Completed
52,4,14,32,1,8,5401.84,Pending
83,5,4,262,2,7,958.45,Completed
58,4,6,75,5,10,1984.65,Completed
99,1,10,84,1,10,6400.19,Pending
14,1,10,340,2,6,3606.34,Completed
82,4,11,134,4,8,2036.3,Pending
76,10,10,165,5,4,2539.05,Completed
14,3,13,288,5,1,266.18,Completed
4,8,9,160,4,10,4172.66,Completed
1,10,6,231,1,7,1215.81,Completed
76,6,8,55,2,4,1090.63,Completed
81,10,12,247,2,2,582.17,Completed
9,3,2,125,2,1,99.92,Pending
53,10,10,315,4,1,563.39,Completed
48,1,11,151,1,4,740.85,Completed
1,4,11,15,5,6,1352.15,Completed
33,2,2,151,5,2,223.81,Completed
68,9,7,293,1,10,2181.92,Cancelled
73,3,3,124,5,2,274.35,Completed
69,1,4,54,2,7,1182.69,Cancelled
3,3,14,163,1,5,3627.86,Completed
35,6,6,111,4,7,1274.58,Completed
39,8,3,73,3,8,1148.85,Completed
14,9,7,132,1,5,1056.63,Completed
86,5,13,46,5,10,2610.59,Completed
35,2,9,71,1,10,3785.13,Pending
52,2,5,178,2,3,374.25,Pending
90,4,11,266,1,2,458.36,Completed
93,1,13,81,3,9,2476.9,Completed
77,4,9,220,1,3,999.76,Completed
56,2,7,307,2,10,2649.77,Completed
57,4,1,199,2,10,874.58,Completed
32,5,11,322,5,3,757.23,Completed
21,5,8,191,1,1,294.36,Completed
78,1,12,224,2,7,1996.07,Completed
30,1,13,51,2,4,1335.28,Completed
31,2,10,76,5,3,2023.82,Completed
76,9,15,25,3,4,427.0,Completed
95,2,7,362,2,4,819.6,Completed
20,7,15,242,2,1,108.6,Completed
15,4,1,96,1,9,833.5,Completed
23,7,3,132,4,3,334.88,Cancelled
34,4,2,313,3,8,950.64,Completed
87,7,15,337,1,4,497.53,Pending
29,2,13,299,5,8,2753.01,Completed
34,10,10,193,3,10,7788.01,Completed
46,3,2,142,3,9,771.46,Completed
19,5,1,284,2,4,320.91,Completed
24,4,7,323,1,5,1177.87,Completed
39,8,4,3,3,7,1250.99,Completed
16,8,11,291,3,4,850.41,Pending
87,5,12,361,3,10,2467.54,Cancelled
66,10,15,357,2,4,441.34,Completed
77,2,3,150,4,2,218.21,Completed
66,3,12,291,2,5,1436.34,Completed
78,9,3,120,3,6,812.95,Completed
99,1,6,276,5,4,809.22,Completed
29,7,10,113,3,3,1782.07,Completed
57,6,13,83,1,7,2186.39,Completed
26,4,10,322,1,10,6162.25,Completed
58,9,11,314,3,2,515.23,Completed
86,2,5,117,2,10,1635.98,Completed
52,5,7,122,3,8,1946.34,Completed
50,9,13,201,2,9,2268.44,Completed
51,8,1,328,1,6,552.54,Completed
67,3,6,264,1,9,2070.31,Completed
60,6,3,286,3,6,852.36,Completed
98,7,3,52,3,4,438.07,Completed
99,5,8,274,3,10,2307.15,Completed
7,9,8,163,5,10,2764.71,Completed
66,8,1,54,3,5,418.43,Completed
60,3,5,363,2,1,166.92,Cancelled
12,7,4,121,3,4,565.88,Completed
95,4,6,37,4,2,427.31,Completed
29,4,5,329,2,3,496.48,Completed
3,2,5,44,5,5,757.75,Completed
15,2,11,111,4,9,1791.74,Completed
47,6,1,84,5,3,268.03,Completed
88,7,9,72,5,3,1358.16,Completed
74,9,10,312,2,7,3901.64,Completed
89,1,3,204,2,8,981.14,Completed
85,10,13,222,1,2,724.07,Completed
49,1,5,93,5,3,411.44,Completed
62,9,14,298,4,4,2674.9,Completed
34,6,7,78,2,9,2293.43,Completed
87,5,3,137,3,6,818.54,Completed
87,7,15,91,3,9,990.94,Completed
94,10,11,86,4,3,589.5,Completed
36,5,15,336,3,8,1116.2,Completed
94,1,10,252,3,9,5833.55,Completed
41,10,4,361,1,5,698.27,Completed
9,8,11,171,5,7,1499.49,Completed
15,6,7,188,5,8,2054.06,Completed
4,3,7,176,4,10,2336.87,Completed
17,4,2,323,3,2,233.65,Completed
46,7,8,91,4,2,534.81,Pending
92,2,8,238,1,8,2489.47,Completed
14,8,13,309,5,6,1606.48,Completed
87,9,9,201,3,3,1164.63,Completed
22,8,2,359,3,6,528.6,Completed
89,6,11,270,4,5,1062.87,Cancelled
5,9,6,166,3,4,838.36,Completed
72,7,9,318,4,6,2547.65,Completed
35,7,1,42,5,7,586.82,Completed
50,4,6,87,4,9,1465.75,Completed
68,5,11,31,4,5,1160.37,Completed
86,4,11,253,1,7,1682.33,Completed
22,6,13,13,4,7,2114.73,Completed
87,5,3,301,1,8,1076.62,Completed
84,6,11,140,1,9,2085.02,Completed
14,10,2,145,3,3,327.72,Cancelled
93,7,15,243,5,3,317.97,Completed
60,3,5,18,4,4,630.48,Completed
75,5,9,243,5,5,1642.5,Pending
81,8,3,158,2,9,1201.61,Completed
38,6,8,256,5,5,1459.92,Completed
100,5,11,250,4,3,579.72,Pending
89,3,2,328,1,1,109.27,Completed
38,4,14,166,2,7,4659.89,Completed
52,7,6,299,5,5,861.6,Completed
61,8,6,120,5,1,227.71,Completed
58,4,1,286,3,8,752.9,Completed
27,6,15,189,3,9,1266.57,Pending
4,10,12,326,1,5,1201.79,Completed
52,9,15,140,4,7,860.87,Completed
25,9,6,341,1,5,1151.73,Completed
49,7,3,265,4,10,1202.25,Completed
77,5,11,20,1,5,965.77,Completed
75,2,9,219,1,10,4121.64,Completed
68,6,2,46,3,8,858.38,Completed
35,2,10,228,5,9,6913.0,Completed
70,5,12,183,3,3,867.63,Pending
48,3,15,318,1,10,1368.11,Cancelled
36,3,13,5,2,4,1151.77,Completed
80,6,14,143,4,1,676.86,Completed
56,3,3,91,1,7,862.42,Completed
79,9,2,231,2,7,642.93,Completed
12,2,12,230,4,3,716.73,Completed
89,8,11,309,1,8,1909.7,Completed
39,7,7,230,5,10,1997.96,Completed
47,8,14,1,5,3,1939.95,Completed
42,9,14,211,3,9,7335.23,Cancelled
82,8,2,43,4,2,223.71,Completed
89,3,13,6,4,10,3144.5,Completed
36,6,5,239,4,7,849.65,Completed
54,9,8,20,3,1,288.24,Pending
68,8,8,15,4,10,2324.74,Completed
23,3,12,209,1,7,1815.59,Completed
47,5,13,187,4,1,292.65,Completed
32,6,6,86,5,10,1634.26,Completed
36,4,13,242,2,5,1398.67,Completed
18,5,13,201,1,4,1324.99,Completed
84,8,11,324,4,8,2031.93,Pending
58,7,9,328,2,5,1643.99,Completed
32,2,8,196,4,3,750.64,Completed
19,10,14,289,3,1,839.72,Completed
22,2,7,12,2,9,2281.35,Completed
86,10,11,201,1,9,2179.16,Completed
18,5,14,211,1,8,5273.84,Completed
45,7,8,312,3,9,2050.58,Completed
28,2,6,36,3,10,1717.98,Completed
4,9,15,316,5,5,655.75,Completed
41,5,4,36,2,6,1017.27,Pending
38,6,12,126,4,2,588.43,Completed
68,5,3,56,5,2,218.94,Completed
45,7,15,256,5,3,336.08,Completed
67,7,15,337,4,2,224.68,Completed
33,1,9,58,5,9,4060.68,Completed
70,6,13,6,4,1,311.64,Completed
72,9,6,223,4,2,449.14,Completed
79,4,7,349,5,8,2119.44,Completed
40,9,10,25,3,10,5626.36,Completed
66,10,9,256,5,1,387.92,Completed
100,6,4,175,2,10,1349.43,Completed
13,4,2,46,5,1,116.15,Completed
6,4,12,137,3,9,2583.15,Completed
86,4,14,255,2,9,8068.81,Completed
70,7,10,166,3,4,2726.21,Completed
40,5,9,21,4,1,373.68,Pending
98,8,13,140,3,10,2972.52,Pending
36,7,14,97,5,1,715.28,Completed
40,2,3,159,2,8,975.55,Completed
62,1,12,324,4,8,2059.19,Completed
17,5,7,13,1,8,1783.65,Cancelled
36,2,2,151,5,5,445.66,Completed
98,3,13,167,3,8,2828.22,Cancelled
26,1,10,349,1,2,1447.48,Completed
17,4,4,223,4,1,154.94,Completed
58,2,10,212,1,10,7177.27,Completed
21,4,7,3,2,9,1822.54,Completed
79,8,8,251,1,6,1420.27,Completed
81,9,6,116,2,6,991.94,Completed
60,8,6,95,1,7,1540.31,Completed
52,6,7,170,1,1,253.61,Completed
9,10,13,77,5,2,507.37,Pending
54,4,5,46,2,6,785.05,Completed
74,10,13,268,4,8,2337.38,Completed
34,2,15,203,2,5,655.84,Completed
74,8,3,163,5,2,307.29,Completed
74,6,1,265,2,10,919.44,Cancelled
62,5,15,274,1,4,440.37,Completed
85,10,7,129,4,9,2103.84,Completed
69,6,7,189,4,10,2493.98,Pending
25,10,4,362,5,10,1458.7,Pending
31,5,3,352,5,8,1119.33,Completed
96,8,9,325,3,9,4041.6,Completed
4,1,15,330,5,2,216.82,Completed
57,4,1,328,3,6,586.67,Completed
26,8,12,35,3,3,855.09,Completed
15,2,1,291,2,7,573.24,Completed
26,5,2,149,1,5,565.03,Completed
66,10,1,260,4,8,640.93,Completed
76,1,1,8,3,6,436.59,Completed
36,9,13,341,3,1,265.17,Completed
77,2,2,335,5,3,345.03,Completed
21,6,2,164,5,5,499.71,Completed
10,6,13,13,2,5,1424.14,Completed
54,10,12,276,2,6,1423.47,Completed
14,8,6,152,3,7,1606.97,Completed
1,10,13,319,1,5,1737.04,Pending
31,1,11,204,3,7,1587.1,Pending
30,5,5,5,3,5,832.37,Completed
37,10,15,363,2,9,1193.49,Completed
2,6,3,199,5,4,445.68,Completed
81,1,7,109,4,4,1109.71,Completed
63,3,9,365,5,4,1794.08,Completed
65,10,13,26,5,10,3306.1,Cancelled
69,3,12,274,2,4,1060.66,Completed
78,10,8,117,5,6,1721.45,Completed
23,9,4,326,4,1,134.98,Completed
6,3,11,18,3,2,489.65,Completed
52,10,7,226,2,7,1665.82,Completed
99,3,1,166,5,1,92.63,Completed
3,9,2,151,1,10,1028.88,Completed
86,8,12,301,1,7,1566.2,Completed
56,4,7,120,1,6,1576.88,Completed
41,8,12,180,1,2,533.3,Completed
98,3,2,69,5,1,116.99,Completed
75,1,11,150,4,5,980.84,Completed
24,8,4,26,3,7,928.22,Completed
27,1,13,194,2,10,3147.66,Completed
71,6,13,190,5,4,1111.86,Completed
83,4,15,276,4,2,241.0,Pending
70,7,1,154,4,9,901.01,Completed
64,1,11,214,2,10,2184.26,Completed
16,4,12,150,2,6,1565.0,Completed
89,7,4,266,4,10,1401.98,Completed
40,2,12,203,1,10,2479.1,Completed
30,9,8,226,5,10,2889.6,Completed
95,4,1,133,5,7,575.68,Completed
50,1,5,70,3,2,313.84,Completed
9,5,14,15,4,1,736.22,Completed
59,5,1,331,1,5,437.42,Cancelled
22,4,14,327,1,2,1373.97,Completed
99,6,14,250,3,10,7164.17,Cancelled
62,6,5,298,2,4,663.61,Completed
12,4,12,171,3,10,2815.97,Completed
65,7,11,33,5,5,1139.18,Completed
31,4,15,337,3,3,323.5,Completed
28,10,12,118,3,1,217.68,Completed
15,6,7,49,1,5,1167.98,Completed
69,3,5,62,2,8,1088.5,Completed
81,7,5,136,2,3,418.13,Pending
36,1,9,231,4,6,1951.63,Completed
81,8,14,89,1,5,4356.23,Completed
48,6,7,313,4,6,1240.38,Completed
91,10,2,205,2,4,464.47,Completed
59,1,3,170,3,10,1538.73,Pending
80,5,15,326,3,7,753.81,Completed
55,4,15,244,2,9,1023.92,Completed
56,10,15,327,4,10,1236.7,Completed
65,6,5,147,1,7,1066.42,Completed
8,3,11,88,3,4,919.28,Pending
30,9,9,314,5,9,3366.16,Completed
12,10,9,297,2,9,3638.27,Completed
83,3,9,27,5,4,1693.36,Completed
80,1,6,184,3,6,1026.34,Completed
70,3,2,50,1,5,497.12,Pending
9,7,7,51,4,9,2497.45,Completed
80,10,5,10,5,9,1516.48,Completed
94,10,11,165,4,4,870.6,Completed
80,6,13,32,2,9,3189.34,Completed
5,10,2,286,4,8,809.14,Completed
84,7,4,271,2,7,929.67,Completed
26,4,1,191,3,7,694.58,Completed
95,5,3,217,3,3,333.5,Completed
92,7,11,7,4,7,1717.0,Completed
89,8,3,319,4,5,744.27,Pending
14,9,6,57,2,6,1395.26,Completed
26,6,14,27,5,9,6037.83,Completed
42,4,15,233,5,9,1169.4,Completed
84,2,7,228,3,1,206.69,Completed
8,9,11,298,4,8,1982.46,Completed
12,2,6,54,5,4,774.51,Completed
28,9,5,224,5,5,585.65,Completed
63,2,3,327,4,4,435.62,Completed
1,7,5,333,1,2,322.08,Completed
76,10,3,284,2,8,1152.77,Completed
30,7,6,55,3,2,405.53,Completed
42,5,2,312,2,6,728.75,Completed
16,9,8,165,2,6,1359.32,Completed
5,4,14,310,4,6,4519.73,Completed
2,1,5,24,4,7,1030.19,Completed
47,2,8,243,5,7,1831.26,Completed
85,5,14,2,1,9,7737.89,Completed
83,10,11,220,4,8,1496.79,Completed
70,6,7,22,4,7,1838.83,Completed
52,8,11,119,5,9,1854.0,Completed
22,5,4,296,3,10,1692.7,Completed
50,4,10,34,5,7,4392.83,Completed
57,5,6,277,4,6,1268.43,Completed
82,9,10,257,3,2,1388.0,Completed
79,10,3,3,5,4,622.96,Completed
92,9,5,82,4,6,1000.88,Completed
2,2,9,127,2,6,2182.48,Completed
34,9,7,25,3,7,1979.5,Completed
68,3,10,7,3,10,5753.91,Completed
71,9,6,17,2,10,1689.83,Completed
73,6,15,99,4,8,930.35,Completed
40,1,14,199,3,5,4105.51,Completed
75,5,8,237,5,3,972.26,Completed
81,1,15,65,5,9,1246.44,Completed
28,5,10,112,1,10,6720.21,Completed
29,3,2,67,5,5,472.01,Completed
71,1,4,176,2,8,1448.11,Completed
79,1,6,332,3,7,1521.03,Completed
31,10,3,178,5,3,406.79,Completed
63,5,4,118,3,2,355.91,Completed
64,1,5,69,2,8,1158.92,Completed
16,7,10,47,5,5,2732.57,Completed
51,2,5,108,5,3,386.22,Completed
29,9,7,162,1,8,2042.55,Cancelled
88,9,3,13,2,1,115.9,Completed
95,4,10,27,5,4,2968.4,Completed
22,2,1,89,3,1,97.18,Completed
56,1,13,118,1,7,2175.15,Completed
65,3,10,242,2,5,3682.72,Completed
26,8,5,213,3,7,1111.64,Completed
44,3,8,18,5,6,1710.23,Completed
43,6,7,337,3,4,1115.77,Completed
19,4,7,188,1,3,627.79,Completed
96,1,10,212,2,5,3009.15,Completed
17,4,5,330,2,6,838.51,Pending
69,1,12,39,1,2,509.74,Completed
81,10,12,143,4,6,1793.87,Completed
40,7,13,328,3,8,2356.45,Completed
50,10,10,10,5,3,2291.66,Completed
78,6,9,186,3,6,2161.12,Completed
6,5,14,44,5,10,6374.54,Completed
39,9,1,178,4,4,380.61,Completed
45,6,11,61,4,8,1885.92,Completed
30,1,14,96,1,5,4120.8,Completed
36,3,12,95,4,2,535.04,Completed
82,9,13,152,1,9,2855.32,Cancelled
53,8,9,101,5,8,3149.1,Pending
72,3,3,1,4,10,1526.47,Completed
24,6,1,222,1,1,92.14,Completed
54,3,15,166,5,8,1026.12,Completed
17,4,6,82,4,4,888.84,Completed
77,2,4,101,3,2,303.28,Completed
24,2,13,226,3,2,641.45,Completed
22,3,2,123,1,5,510.84,Completed
6,8,1,81,3,9,780.21,Completed
51,9,12,271,4,6,1379.53,Completed
73,3,14,300,3,3,2350.83,Pending
77,2,4,81,5,5,757.92,Completed
21,5,4,85,4,10,1457.3,Completed
1,5,4,131,3,3,428.79,Completed
50,5,2,39,5,1,120.29,Completed
63,7,14,196,3,3,1974.38,Completed
94,3,3,63,4,6,802.06,Completed
92,1,1,111,4,3,288.77,Completed
45,6,8,126,4,6,1358.93,Pending
68,10,1,86,2,3,226.99,Completed
58,8,9,241,5,9,3203.64,Completed
52,4,10,155,3,3,2269.7,Cancelled
59,6,1,53,3,5,469.43,Completed
39,3,2,224,2,7,676.2,Completed
14,3,5,230,2,7,846.66,Completed
46,2,2,252,5,6,681.71,Completed
15,7,9,91,5,2,649.57,Completed
13,6,15,84,3,6,794.45,Cancelled
89,3,2,256,1,9,957.68,Completed
89,2,1,121,4,1,77.9,Completed
32,6,15,209,5,3,425.79,Pending
40,5,14,84,4,5,4054.73,Completed
94,5,2,262,2,5,507.77,Completed
72,2,15,294,2,2,278.42,Completed
73,6,4,256,3,8,1057.34,Completed
75,3,9,145,5,1,336.99,Completed
20,8,4,244,5,7,1186.22,Completed
85,3,13,56,4,2,662.28,Pending
89,6,1,9,5,6,587.36,Completed
75,1,15,148,5,6,632.35,Completed
59,10,4,356,4,10,1706.11,Completed
37,5,13,34,5,7,1824.25,Completed
97,2,5,145,2,9,1461.04,Completed
12,2,4,136,3,10,1314.91,Completed
92,3,6,91,2,6,1281.16,Cancelled
38,3,14,296,5,7,4659.63,Completed
46,1,8,135,4,7,1910.05,Cancelled
8,1,1,249,5,1,72.48,Completed
88,4,13,199,3,10,3617.09,Completed
23,2,14,202,4,1,865.0,Completed
30,3,4,53,5,6,758.33,Completed
24,5,12,6,4,7,1978.32,Completed
89,7,6,206,3,6,1402.44,Completed
32,5,2,72,4,6,675.35,Completed
21,1,13,178,3,5,1278.68,Cancelled
22,9,3,340,3,6,775.66,Completed
74,5,11,25,2,9,1621.97,Completed
62,2,7,298,1,7,1913.38,Completed
48,10,12,248,2,3,925.02,Completed
10,9,1,174,3,4,349.11,Completed
51,2,1,259,1,2,155.77,Completed
39,3,3,322,2,2,234.24,Pending
29,10,9,94,2,3,1052.51,Completed
39,10,15,103,4,7,850.46,Completed
76,8,15,86,1,6,614.05,Completed
55,6,12,160,5,3,863.3,Completed
74,4,7,202,4,9,2117.14,Completed
23,4,12,274,3,6,1367.0,Completed
17,10,5,17,2,2,238.77,Cancelled
73,2,13,152,2,4,1031.2,Completed
14,7,1,117,5,6,460.69,Pending
86,8,7,56,2,2,406.85,Completed
20,5,12,220,3,2,444.77,Completed
36,10,13,210,3,3,995.44,Completed
24,8,8,94,1,6,1525.71,Completed
5,8,5,185,4,10,1568.1,Completed
25,3,1,329,4,4,370.55,Completed
91,4,2,92,4,1,110.19,Completed
87,6,3,309,1,2,292.53,Pending
14,9,12,356,2,1,232.52,Completed
59,4,15,254,1,4,525.68,Completed
85,3,4,116,5,3,435.38,Completed
76,3,15,189,1,5,634.69,Pending
37,1,11,186,1,4,891.0,Completed
46,2,11,152,5,2,400.26,Completed
87,1,4,198,4,10,1333.8,Completed
16,7,7,4,1,1,213.36,Completed
15,1,1,206,3,10,938.37,Completed
41,1,12,212,2,10,2226.65,Completed
90,6,10,199,3,8,5113.88,Completed
93,10,14,114,4,10,7579.75,Completed
65,7,10,49,1,5,2940.25,Pending
69,2,7,336,5,4,890.6,Completed
81,10,14,317,5,1,811.86,Completed
78,5,3,221,5,10,1124.04,Completed
42,10,7,109,4,8,1586.89,Completed
38,9,8,250,3,2,555.85,Completed
38,10,7,27,5,3,663.17,Completed
26,3,6,325,4,4,877.07,Pending
35,4,7,130,3,3,681.03,Completed
15,9,1,252,5,6,457.71,Completed
67,3,6,176,4,7,1382.6,Completed
3,9,13,58,4,2,685.11,Completed
39,8,6,328,5,5,882.0,Completed
81,10,3,140,4,1,138.54,Completed
68,1,4,118,1,4,658.74,Completed
25,10,8,186,3,5,1374.02,Completed
51,1,13,281,1,2,608.01,Completed
36,2,13,251,4,10,2700.32,Completed
38,6,14,151,5,8,6662.75,Completed
1,1,11,12,3,8,1890.36,Completed
28,6,1,260,1,10,983.29,Completed
16,3,15,263,3,2,277.79,Completed
53,6,2,30,2,7,806.74,Completed
34,1,8,71,2,8,1987.27,Completed
86,1,9,292,1,10,3813.01,Completed
12,10,15,340,3,7,979.32,Completed
82,10,1,243,2,6,606.01,Completed
81,10,4,78,3,1,157.3,Completed
75,5,5,171,3,8,1284.35,Completed
52,2,12,60,1,9,2443.03,Completed
29,10,3,201,1,6,881.91,Completed
95,6,3,305,3,8,927.03,Completed
67,3,4,211,5,5,851.2,Completed
65,9,9,340,3,4,1527.99,Pending
17,8,15,124,3,7,722.89,Completed
18,9,5,11,1,3,366.07,Completed
70,6,6,283,4,3,543.47,Completed
67,5,10,265,4,2,1394.09,Completed
97,3,7,248,4,6,1589.31,Completed
81,9,1,343,5,10,865.41,Completed
86,3,6,70,4,2,424.9,Completed
63,1,10,89,2,8,6238.79,Completed
79,5,7,365,4,2,492.47,Completed
44,2,10,56,3,7,4265.1,Completed
67,7,12,103,1,2,582.01,Completed
77,4,11,323,2,9,1840.45,Completed
25,9,6,294,5,2,402.9,Completed
84,1,5,189,5,9,1364.79,Completed
39,6,3,103,5,7,1011.47,Completed
21,9,2,49,4,9,874.12,Completed
18,7,12,190,2,5,1356.0,Pending
59,3,7,269,5,8,1818.49,Completed
1,7,10,273,2,2,1396.48,Completed
4,4,10,248,5,8,4856.62,Completed
40,3,7,145,2,7,1861.53,Completed
34,1,3,361,1,2,229.07,Completed
64,5,15,344,3,6,787.53,Completed
88,3,7,119,2,3,622.69,Completed
12,6,9,200,2,6,2084.8,Completed
11,1,4,164,5,10,1262.24,Completed
28,9,1,357,2,9,761.5,Completed
63,10,12,117,1,7,2064.71,Completed
86,3,13,98,1,2,517.31,Pending
22,3,12,331,5,3,734.89,Completed
36,3,7,207,3,7,1483.22,Completed
2,10,2,57,2,2,235.46,Completed
15,1,4,183,2,4,628.21,Completed
47,5,5,26,5,8,966.12,Cancelled
39,6,6,296,2,6,1126.49,Completed
70,7,9,241,5,6,2260.58,Pending
53,10,2,322,1,5,517.98,Completed
28,10,13,246,1,8,2743.78,Completed
14,9,12,345,3,2,609.39,Completed
69,8,14,71,4,4,3253.93,Completed
46,3,4,347,1,10,1500.75,Completed
5,6,4,182,5,6,1008.25,Completed
8,9,3,180,1,10,1409.23,Completed
5,3,5,301,5,9,1348.52,Pending
56,6,4,122,5,1,151.82,Completed
59,9,9,151,2,3,1354.37,Cancelled
27,10,1,73,5,1,95.34,Completed
31,6,8,289,3,4,958.11,Completed
68,3,8,26,2,6,1915.69,Completed
46,8,6,43,1,5,1069.65,Completed
3,10,10,52,1,8,4592.14,Completed
23,6,9,341,5,6,2431.4,Completed
72,6,12,337,4,8,2423.11,Completed
92,8,9,70,3,8,3208.8,Completed
58,3,10,165,3,2,1089.8,Completed
40,10,7,257,5,7,1942.84,Completed
18,5,13,164,5,1,356.35,Pending
80,1,6,46,4,10,1836.89,Completed
56,4,1,122,1,8,803.32,Completed
62,5,2,27,1,9,818.72,Completed
95,3,10,163,4,9,6345.65,Completed
73,5,5,355,5,1,146.35,Completed
71,9,11,257,4,3,630.45,Completed
13,5,3,229,3,1,134.6,Completed
76,4,11,242,3,9,1788.41,Completed
76,2,6,86,1,6,1034.19,Pending
26,4,13,206,1,4,1331.56,Completed
52,4,15,113,1,9,1242.91,Completed
76,4,8,184,1,9,2410.08,Completed
100,2,11,68,5,10,2400.86,Completed
6,6,15,206,5,4,429.89,Pending
12,2,1,282,5,2,188.15,Completed
77,4,10,326,1,4,2697.82,Completed
13,8,10,343,3,2,1422.88,Completed
81,5,6,358,1,10,1921.78,Completed
91,7,5,90,1,4,658.4,Pending
94,2,2,260,3,8,899.78,Completed
65,4,14,362,3,3,2603.64,Completed
19,3,3,224,2,1,145.28,Completed
52,4,5,32,3,2,261.4,Completed
36,2,4,176,1,2,264.94,Completed
67,5,1,110,5,8,795.26,Completed
97,4,1,71,5,1,91.82,Completed
51,9,10,126,3,10,6231.11,Completed
23,9,11,297,1,1,222.12,Completed
25,7,12,362,1,7,1905.39,Pending
72,10,2,178,3,3,271.86,Completed
100,7,3,342,3,5,549.9,Completed
99,6,2,282,3,2,224.99,Completed
85,7,12,187,2,10,2529.52,Completed
72,3,9,281,3,10,4151.89,Completed
96,9,15,289,2,1,141.1,Pending
6,2,15,10,3,4,408.88,Completed
90,8,9,3,1,4,1511.73,Completed
22,7,15,43,1,5,610.72,Completed
51,1,7,66,4,10,2348.4,Completed
28,5,11,300,2,3,672.74,Completed
23,5,12,316,3,9,2497.9,Completed
27,3,15,66,5,6,743.79,Completed
83,6,4,91,3,6,1090.62,Pending
87,4,6,190,3,6,977.26,Completed
84,4,8,160,1,5,1282.7,Completed
89,6,8,110,5,5,1394.85,Completed
60,1,8,309,2,6,1566.97,Completed
68,3,10,240,5,8,6202.09,Completed
38,9,13,360,3,10,3429.81,Completed
5,7,5,83,1,8,1184.72,Completed
46,1,12,20,3,8,2469.4,Completed
17,4,6,254,5,6,1118.82,Completed
8,2,13,20,4,4,1155.06,Completed
38,9,1,240,1,7,598.07,Completed
27,8,15,174,3,2,263.22,Completed
64,5,1,131,3,2,162.95,Completed
30,4,1,152,1,9,741.17,Completed
40,10,5,144,3,3,467.36,Completed
35,6,2,97,5,1,110.96,Completed
100,6,13,108,3,8,2230.81,Completed
52,1,6,218,5,3,558.44,Completed
82,6,6,362,5,5,999.26,Completed
22,5,15,304,2,7,921.48,Completed
63,3,12,255,2,8,2483.36,Completed
21,1,10,361,1,3,1731.06,Pending
58,8,13,151,1,5,1584.85,Pending
36,9,7,89,5,2,440.41,Completed
19,7,2,324,1,6,618.07,Completed
74,3,10,8,5,6,3275.53,Completed
93,8,7,356,4,7,1602.26,Cancelled
41,8,12,328,4,4,1216.88,Completed
52,1,6,202,1,1,191.22,Completed
58,4,4,151,4,6,865.98,Pending
35,4,4,80,3,5,631.17,Completed
69,2,2,257,4,1,98.01,Completed
34,7,6,49,2,4,933.73,Completed
25,4,15,175,4,4,408.52,Completed
56,6,14,77,1,10,8037.35,Completed
98,2,4,328,4,7,1134.52,Completed
22,10,14,217,1,7,4921.17,Completed
8,1,14,23,2,1,737.0,Completed
46,4,12,307,4,7,2080.65,Completed
76,4,14,309,1,6,5207.24,Completed
93,3,12,107,1,2,615.0,Completed
28,6,1,261,3,4,339.52,Completed
83,6,7,114,3,10,2015.42,Completed
34,2,7,297,3,5,1278.04,Completed
68,10,4,309,2,6,1049.87,Completed
71,9,10,365,5,8,5993.34,Completed
71,6,1,248,1,5,508.57,Completed
30,2,13,269,1,2,673.83,Completed
27,8,3,113,3,5,624.06,Completed
15,10,11,346,4,2,491.85,Completed
13,8,12,140,4,5,1121.26,Pending
43,9,9,333,5,4,1479.85,Completed
58,9,4,169,4,5,759.81,Cancelled
56,7,1,255,5,7,554.44,Completed
7,2,15,121,1,9,1273.95,Completed
61,8,14,208,2,8,6092.5,Completed
50,6,14,119,1,7,5479.64,Completed
93,5,12,39,5,5,1476.15,Completed
12,1,2,128,4,7,630.23,Completed
76,10,11,302,4,4,885.69,Cancelled
9,3,12,61,2,6,1358.69,Pending
7,3,9,355,5,1,353.55,Completed
10,9,10,347,3,3,1863.54,Pending
40,8,9,308,2,8,3382.56,Completed
94,5,1,260,4,5,376.96,Completed
99,5,4,183,2,6,900.61,Completed
55,8,5,300,1,9,1402.49,Completed
66,4,1,40,2,7,504.82,Completed
100,7,4,359,1,10,1583.87,Completed
44,10,8,304,3,8,2134.84,Completed
92,5,14,51,2,5,3874.3,Completed
94,8,4,52,5,6,959.87,Pending
33,1,4,339,1,9,1353.64,Completed
95,1,13,1,4,8,2206.08,Completed
6,5,5,193,4,6,754.35,Completed
51,9,2,104,1,5,575.33,Completed
18,7,4,309,3,5,640.25,Completed
60,10,4,10,1,1,147.41,Completed
26,8,15,210,5,10,1135.04,Cancelled
96,2,7,86,5,3,818.47,Completed
47,8,8,41,3,2,563.89,Pending
6,9,13,347,2,2,509.02,Completed
92,8,2,235,3,7,723.1,Completed
85,5,12,3,5,4,924.6,Completed
88,3,2,268,4,1,108.77,Completed
2,10,10,110,1,10,6403.19,Completed
8,9,12,344,4,1,291.84,Completed
17,3,10,279,3,3,1845.75,Completed
6,1,2,281,3,8,942.02,Completed
91,9,10,54,5,5,3246.64,Pending
73,8,14,165,1,1,649.83,Completed
90,7,8,277,4,2,508.19,Completed
90,4,15,43,4,6,788.52,Completed
68,10,12,107,3,8,2145.07,Pending
58,1,14,237,2,8,6739.14,Pending
48,3,13,249,4,5,1318.99,Completed
34,6,10,111,2,6,3941.79,Completed
28,9,12,152,4,9,2438.71,Completed
80,3,12,193,4,4,890.03,Completed
73,4,8,156,2,6,1716.08,Completed
32,10,8,41,3,4,1014.68,Completed
8,3,7,47,4,7,1966.35,Completed
45,10,5,139,3,8,1019.79,Completed
35,9,7,102,5,4,969.92,Completed
23,8,8,353,5,3,830.01,Completed
1,9,7,108,1,9,2267.62,Completed
12,7,14,319,4,3,1905.29,Completed
45,6,8,105,3,1,268.32,Completed
12,8,13,332,1,6,1857.45,Pending
11,10,9,100,2,1,408.7,Completed
29,4,11,260,4,1,257.03,Completed
64,2,9,35,5,7,2365.5,Pending
12,5,8,242,4,3,692.63,Pending
53,1,14,71,4,9,7722.44,Completed
3,10,10,204,1,7,4604.75,Completed
10,5,8,174,4,1,257.54,Pending
22,7,9,163,2,3,1128.15,Completed
60,1,1,191,3,3,241.37,Completed
99,3,12,134,2,9,2737.44,Completed
51,4,11,318,1,2,390.69,Pending
57,3,3,257,2,5,689.29,Completed
12,8,6,296,4,6,1166.2,Completed
42,10,1,86,1,7,596.59,Completed
32,7,10,216,1,1,754.58,Cancelled
37,2,5,156,3,4,597.14,Completed
36,1,11,256,3,3,627.78,Cancelled
43,9,12,324,4,4,972.75,Completed
38,7,2,79,5,10,1065.95,Completed
59,3,11,122,3,5,905.54,Completed
2,5,6,132,4,2,413.25,Completed
78,1,11,345,4,1,232.46,Completed
43,7,14,36,2,4,2684.39,Completed
38,6,13,289,1,6,1723.52,Completed
78,1,5,241,5,4,479.85,Completed
28,1,3,204,2,2,226.96,Completed
79,1,15,230,5,3,402.17,Cancelled
23,2,7,59,5,7,1688.12,Cancelled
38,9,1,340,1,2,147.43,Completed
34,8,11,96,1,3,721.55,Pending
64,7,15,59,2,3,409.94,Completed
86,10,10,75,5,5,3155.95,Completed
23,1,6,2,3,6,1296.56,Completed
46,5,2,282,4,8,802.84,Completed
85,6,4,360,5,6,862.57,Pending
18,1,12,60,5,4,1106.72,Cancelled
92,6,12,101,3,6,1482.12,Completed
59,9,14,28,2,10,7508.16,Completed
91,7,4,73,4,2,359.21,Completed
43,3,8,235,3,6,1642.49,Completed
88,8,3,60,4,1,108.5,Completed
41,3,2,50,4,5,450.54,Completed
7,2,14,139,4,9,6711.67,Completed
83,9,9,49,3,10,4056.82,Completed
81,2,4,162,2,10,1481.89,Pending
63,10,12,214,3,9,2664.82,Cancelled
99,3,13,65,1,7,1933.57,Completed
3,6,7,255,4,2,477.02,Completed
40,5,7,144,2,3,759.91,Pending
46,6,11,3,3,3,749.28,Completed
15,6,15,57,3,6,663.79,Cancelled
45,1,4,22,2,7,987.75,Pending
68,3,4,303,2,3,493.65,Completed
100,6,5,247,4,2,271.4,Completed
19,3,1,17,5,10,1003.2,Completed
27,1,3,139,4,10,1548.57,Completed
54,6,12,131,5,1,236.47,Completed
69,5,15,271,2,7,770.35,Completed
84,3,11,222,2,6,1212.38,Completed
2,6,12,173,5,8,2001.77,Completed
13,1,9,310,4,6,2338.28,Completed
45,8,9,333,2,4,1606.67,Completed
50,2,7,330,2,8,1773.79,Pending
100,4,7,183,2,7,1683.79,Completed
47,3,5,293,5,10,1445.2,Completed
2,3,13,151,2,10,3268.21,Completed
18,5,15,53,5,6,693.74,Completed
20,6,11,213,4,4,898.85,Pending
74,3,4,123,5,9,1561.15,Completed
72,5,13,19,3,8,2120.35,Completed
52,2,6,255,5,4,813.38,Completed
72,10,6,308,2,3,590.25,Completed
25,5,12,35,1,9,2142.92,Completed
46,10,14,175,5,9,7232.86,Completed
37,2,4,284,5,3,543.68,Pending
98,7,8,41,4,2,559.03,Completed
51,4,11,338,2,3,649.9,Completed
13,7,12,343,5,9,2500.18,Completed
14,8,13,101,1,6,2121.96,Completed
16,10,10,306,5,7,4817.91,Completed
55,2,8,292,2,8,1884.56,Completed
83,1,7,29,4,2,519.25,Completed
5,5,15,153,4,1,135.61,Completed
31,3,7,65,1,2,487.21,Completed
5,8,7,345,2,6,1381.81,Completed
72,3,11,354,5,4,1023.96,Completed
28,8,13,288,1,7,2092.39,Completed
48,5,12,355,1,3,870.06,Completed
78,7,8,99,4,5,1406.31,Completed
54,10,10,168,4,5,3040.14,Cancelled
5,6,2,285,5,7,638.55,Completed
91,7,14,214,3,1,811.81,Completed
16,9,1,19,5,4,295.27,Completed
57,9,5,167,2,1,122.57,Completed
31,9,14,307,4,10,7236.08,Completed
70,9,1,136,2,6,543.71,Completed
97,4,15,241,3,4,523.67,Completed
44,9,8,18,5,6,1532.79,Completed
7,4,13,33,4,1,292.38,Completed
86,10,10,257,4,10,6941.44,Completed
98,3,11,190,2,5,1142.08,Completed
16,4,10,304,5,7,4551.32,Completed
96,7,11,105,4,6,1422.14,Pending
62,9,10,216,4,4,2643.77,Completed
34,2,10,309,3,4,2518.08,Completed
95,9,2,314,4,7,732.88,Completed
13,9,13,204,3,6,1886.39,Completed
43,2,7,8,3,8,1795.71,Completed
76,1,1,335,3,6,488.43,Completed
87,4,8,296,4,4,1088.52,Completed
96,8,2,305,3,5,436.6,Completed
56,3,3,142,1,1,121.33,Completed
41,6,2,112,5,8,819.97,Completed
37,10,2,115,4,5,462.34,Completed
91,9,11,140,2,9,2117.66,Completed
10,5,12,125,3,6,1656.53,Completed
81,9,4,92,5,6,1086.43,Completed
90,10,15,268,5,9,1211.98,Completed
24,5,11,75,5,5,1186.71,Cancelled
62,6,5,225,3,4,628.36,Completed
32,4,14,338,2,6,3841.48,Completed
81,6,4,228,2,5,803.48,Completed
14,7,11,180,1,7,1474.13,Completed
79,9,13,325,4,1,292.1,Completed
81,8,2,259,3,8,978.78,Completed
15,9,11,211,1,9,1773.56,Completed
37,7,9,90,5,10,3713.14,Completed
2,7,8,264,3,8,2491.71,Completed
29,1,1,11,3,1,90.88,Pending
78,5,6,19,5,7,1431.19,Completed
55,8,15,138,2,9,1246.95,Completed
8,6,5,234,5,2,250.44,Completed
29,4,6,137,4,3,642.11,Completed
84,3,4,310,5,4,609.36,Completed
3,2,8,74,4,5,1142.77,Completed
62,2,2,257,1,7,835.08,Completed
82,3,7,187,1,3,742.85,Completed
26,5,11,67,4,6,1177.87,Completed
16,6,8,254,5,10,2936.07,Completed
9,3,11,144,4,6,1331.67,Cancelled
4,2,3,242,1,6,930.93,Completed
32,6,3,279,3,2,282.88,Completed
63,1,1,5,2,1,97.76,Pending
58,3,14,287,4,4,2953.58,Completed
92,8,13,296,2,9,2386.86,Completed
25,5,2,287,1,8,775.82,Completed
87,2,5,303,2,1,120.82,Completed
36,1,6,3,1,4,665.66,Completed
8,9,8,24,2,2,594.27,Completed
4,9,11,278,3,7,1534.77,Completed
93,10,10,266,4,6,3865.77,Completed
22,6,12,80,4,6,1759.28,Completed
98,8,6,361,2,4,771.68,Completed
70,9,2,80,2,1,89.85,Completed
15,5,9,28,5,10,3761.12,Completed
16,8,8,191,2,7,2184.8,Completed
46,6,2,311,2,9,867.46,Completed
46,8,10,199,5,5,3193.59,Completed
99,9,10,111,2,9,5734.9,Completed
21,3,14,48,4,1,879.43,Completed
20,7,8,129,2,8,2006.94,Completed
57,2,2,3,4,6,574.63,Completed
26,9,13,97,3,8,2581.46,Completed
80,1,5,14,3,4,655.91,Completed
24,8,13,263,3,6,1873.67,Completed
12,9,13,106,4,2,700.74,Completed
63,4,13,80,2,2,540.55,Completed
57,6,13,87,4,7,2433.41,Completed
6,4,9,293,1,5,1772.24,Completed
81,10,7,183,5,8,2281.42,Completed
59,1,15,171,3,1,108.17,Completed
14,10,3,15,5,6,661.28,Pending
44,2,1,286,2,1,102.48,Cancelled
46,3,10,234,2,3,2048.34,Completed
60,4,15,92,4,4,530.98,Completed
63,9,12,180,2,1,301.96,Completed
66,3,2,19,3,1,89.8,Completed
87,3,3,281,2,8,1070.5,Completed
14,7,15,263,5,3,302.98,Completed
58,1,4,78,4,2,357.16,Completed
77,1,1,172,4,10,997.41,Completed
41,4,5,38,3,5,763.86,Completed
67,5,5,197,1,10,1199.56,Completed
11,4,2,52,2,4,485.36,Completed
95,5,9,92,3,5,2161.38,Completed
93,3,15,189,5,10,1421.1,Completed
93,5,4,160,2,5,664.27,Completed
9,6,15,284,5,9,1127.66,Completed
52,7,8,131,1,1,289.52,Completed
21,3,4,336,5,8,1032.87,Completed
91,9,9,350,5,3,1199.5,Pending
35,4,14,67,4,8,6811.02,Completed
62,3,13,230,2,7,2092.02,Completed
39,3,4,326,3,8,1348.38,Completed
31,7,13,84,5,7,2537.31,Completed
17,1,13,234,2,10,3571.39,Completed
47,4,12,215,2,5,1460.08,Completed
47,2,6,343,1,4,730.55,Completed
33,9,2,17,4,4,366.43,Completed
23,8,2,290,5,4,356.76,Completed
91,9,3,139,3,10,1478.33,Completed
27,2,12,330,5,5,1080.37,Completed
75,1,9,181,5,6,2302.33,Completed
98,6,4,260,4,7,932.29,Completed
68,8,5,287,2,3,424.69,Completed
74,8,4,333,3,3,383.65,Completed
40,9,15,274,2,9,894.32,Completed
8,4,7,31,2,7,1841.93,Completed
77,2,9,239,1,3,1349.53,Completed
94,3,3,34,2,2,309.21,Completed
83,2,15,212,4,8,883.79,Completed
3,1,6,166,2,9,1525.29,Completed
95,3,14,12,4,5,3703.17,Completed
3,1,14,74,1,4,3154.76,Completed
51,7,7,185,3,3,603.7,Pending
50,8,1,110,2,1,77.9,Completed
90,1,13,283,4,7,2432.46,Completed
87,2,14,79,5,2,1584.62,Completed
45,3,11,172,5,3,705.79,Completed
27,3,9,359,4,10,3781.22,Pending
30,4,10,157,4,4,2683.81,Completed
69,2,1,257,1,10,812.65,Completed
92,8,8,213,1,4,1147.78,Completed
83,1,11,312,4,10,1881.58,Completed
63,10,4,293,3,4,643.86,Completed
62,3,9,325,1,2,789.32,Pending
62,2,1,235,4,1,85.92,Completed
86,4,1,112,3,6,585.7,Cancelled
10,4,1,178,1,9,888.95,Completed
39,8,5,129,2,5,841.2,Completed
18,8,7,262,1,9,2276.84,Completed
46,1,8,69,1,4,982.01,Completed
42,2,2,360,3,4,367.7,Completed
29,10,7,247,3,2,555.27,Pending
27,3,10,97,3,1,655.96,Completed
25,9,15,280,1,2,211.12,Completed
30,3,1,153,2,4,408.58,Completed
66,7,7,95,5,6,1340.98,Completed
50,2,14,59,4,9,7636.1,Completed
18,5,11,288,4,3,562.03,Completed
6,2,4,188,1,10,1465.06,Completed
40,2,2,76,5,2,188.95,Completed
74,6,15,126,2,6,635.29,Completed
11,2,10,37,1,9,5989.29,Completed
51,7,2,69,5,5,604.07,Cancelled
20,9,3,148,1,7,892.69,Completed
29,1,4,286,2,3,406.17,Completed
37,7,11,62,1,8,1778.11,Completed
44,7,11,261,1,1,222.65,Pending
65,8,4,4,5,6,977.17,Completed
90,4,5,93,4,5,821.19,Completed
100,4,4,263,3,6,968.1,Completed
67,8,8,264,2,6,1822.84,Completed
47,1,9,275,1,4,1744.89,Completed
65,4,1,128,3,9,676.19,Completed
77,8,1,168,2,1,82.09,Completed
13,10,13,131,5,7,2072.17,Completed
31,3,3,263,1,9,1137.33,Completed
34,3,12,53,4,5,1100.45,Cancelled
54,4,3,114,3,3,416.02,Completed
72,10,10,320,1,3,1745.44,Completed
61,1,3,228,3,1,126.33,Completed
26,7,7,281,5,3,782.59,Completed
58,9,7,338,4,2,563.83,Completed
54,3,10,204,4,1,766.04,Completed
36,6,4,94,2,8,1422.87,Completed
63,2,13,111,4,8,2217.83,Completed
44,7,4,272,2,1,130.82,Pending
93,9,11,269,2,10,2057.9,Completed
20,9,8,359,4,2,458.48,Completed
5,10,12,39,5,9,2635.98,Completed
6,4,12,318,2,10,2498.71,Completed
38,7,6,332,5,7,1544.95,Completed
76,2,11,270,4,2,431.36,Completed
75,4,1,180,4,8,808.58,Completed
18,2,6,122,4,8,1807.94,Completed
56,9,5,106,5,8,1260.62,Completed
99,5,7,340,2,6,1233.19,Completed
62,8,2,313,1,6,666.95,Completed
88,3,1,246,4,8,598.65,Completed
53,6,1,63,1,4,331.17,Completed
87,1,2,317,3,2,215.49,Completed
62,3,12,128,4,1,241.27,Completed
97,1,3,261,2,3,421.64,Completed
92,9,11,74,2,7,1732.42,Completed
61,9,12,265,2,4,1110.53,Completed
13,1,5,6,1,9,1130.26,Completed
67,2,3,190,1,2,221.55,Completed
44,7,5,257,3,6,958.12,Completed
79,1,7,138,2,6,1520.08,Completed
66,10,7,55,2,3,734.9,Completed
98,10,15,222,1,7,935.99,Completed
46,3,1,345,4,6,461.71,Completed
20,4,9,69,4,7,2585.21,Completed
27,4,11,57,4,2,399.82,Completed
83,4,2,251,4,5,439.28,Completed
79,4,5,104,2,6,1008.35,Completed
2,1,4,145,1,6,992.14,Completed
82,10,15,117,1,4,462.25,Completed
29,2,12,231,3,1,216.95,Completed
15,1,14,7,3,1,632.62,Completed
29,1,2,201,3,5,558.41,Completed
43,6,9,179,1,1,323.42,Cancelled
24,10,1,38,4,1,94.03,Completed
84,7,12,106,1,10,2792.85,Completed
18,7,2,184,1,7,830.16,Completed
67,9,6,104,1,3,679.64,Completed
52,9,2,5,4,2,224.61,Completed
100,10,6,23,5,1,182.69,Completed
1,8,4,270,2,8,1041.62,Completed
19,6,11,10,5,5,912.35,Completed
68,5,2,315,3,2,192.2,Completed
24,4,4,281,3,3,536.48,Completed
75,2,7,117,2,10,2309.01,Cancelled
65,3,2,286,2,2,200.09,Completed
2,5,2,318,1,3,324.56,Completed
19,1,4,240,5,10,1463.01,Completed
11,3,4,242,4,9,1478.15,Completed
54,6,6,48,1,9,1690.12,Completed
33,7,10,174,5,7,4634.41,Completed
2,8,11,28,4,9,1758.62,Completed
32,7,11,93,2,7,1641.81,Completed
51,7,4,254,5,6,1049.23,Completed
59,6,2,57,3,9,852.35,Completed
34,3,11,100,1,2,369.02,Completed
39,4,7,48,5,8,2043.33,Completed
77,9,6,41,3,7,1152.76,Completed
11,8,4,303,2,1,173.03,Completed
63,7,10,295,5,1,734.81,Completed
55,4,1,63,1,5,396.05,Completed
40,1,10,168,1,4,2283.15,Completed
23,1,1,192,5,8,724.64,Pending
72,2,12,149,4,2,448.44,Pending
82,8,13,333,1,6,1843.65,Completed
55,2,2,260,3,6,621.19,Pending
58,3,13,252,3,4,1242.15,Completed
6,5,3,317,3,6,814.21,Completed
84,8,9,298,4,9,3037.41,Completed
23,6,3,165,4,2,238.25,Completed
8,6,15,309,5,2,258.67,Completed
36,3,11,11,3,7,1418.2,Completed
1,8,3,190,1,3,373.58,Completed
46,10,9,145,4,6,2622.08,Completed
4,5,2,9,2,3,338.81,Pending
12,4,11,188,3,1,206.92,Completed
100,2,15,283,4,3,348.46,Completed
88,9,13,239,5,5,1743.08,Completed
57,8,2,319,4,9,1091.5,Pending
17,4,13,341,1,6,1684.44,Completed
4,7,7,163,4,8,2180.74,Completed
57,2,6,207,4,1,191.48,Completed
68,10,3,151,5,1,132.51,Completed
32,7,7,149,4,9,2549.47,Completed
41,3,12,146,4,5,1162.78,Completed
75,8,2,164,4,8,704.4,Completed
96,8,6,80,4,6,1153.54,Completed
92,4,1,34,4,3,267.55,Completed
12,4,4,224,2,9,1506.15,Pending
81,9,8,121,1,7,2188.78,Completed
50,3,4,201,4,9,1524.69,Completed
43,6,5,320,2,5,642.8,Completed
26,9,9,260,5,7,2536.38,Completed
54,7,14,303,2,8,5228.82,Completed
8,6,9,283,3,8,2850.87,Completed
67,2,4,332,1,2,291.94,Completed
36,6,4,234,5,2,363.88,Completed
96,10,6,301,3,2,359.58,Completed
29,7,9,77,4,4,1306.97,Completed
7,3,5,280,3,10,1187.6,Completed
42,6,14,100,4,9,7678.81,Completed
100,3,5,202,5,3,355.28,Completed
20,1,3,121,5,9,1217.75,Completed
60,4,14,82,3,10,8141.69,Completed
75,6,7,309,5,2,474.51,Completed
80,3,4,254,2,10,1454.39,Completed
84,5,7,253,2,6,1374.49,Completed
42,2,11,197,1,2,478.48,Completed
25,2,3,35,2,3,467.74,Pending
97,6,15,323,1,9,1073.41,Completed
80,6,13,180,4,6,1625.44,Completed
69,1,1,321,2,8,601.3,Pending
27,3,12,290,1,6,1715.49,Completed
45,9,5,361,4,8,992.4,Cancelled
27,2,8,304,2,9,2518.97,Completed
89,7,10,290,4,9,6045.35,Completed
57,5,6,102,3,9,1741.18,Cancelled
19,8,5,364,5,9,1369.49,Completed
59,10,12,135,1,7,1981.03,Completed
61,7,15,2,3,9,1284.21,Completed
30,2,4,336,2,10,1499.28,Completed
1,8,12,137,5,9,2798.78,Completed
23,3,12,349,1,1,295.66,Completed
81,9,12,326,1,5,1490.32,Completed
9,3,10,234,1,7,4521.69,Completed
88,1,14,286,1,5,4439.36,Completed
40,1,12,16,1,9,2678.44,Completed
55,9,11,329,1,5,1143.53,Completed
9,4,4,132,3,7,902.53,Pending
60,1,12,158,5,5,1297.56,Completed
88,7,13,295,5,6,2006.68,Pending
16,8,2,252,3,10,901.98,Completed
75,9,9,57,2,4,1541.94,Completed
94,4,13,122,3,4,1384.61,Completed
98,2,5,351,1,3,367.84,Pending
90,4,1,228,3,4,411.98,Completed
69,8,14,228,3,7,5399.99,Completed
86,5,2,237,5,2,177.06,Completed
35,6,4,53,1,8,1064.33,Completed
3,2,15,12,1,2,278.93,Completed
18,9,5,221,1,9,1359.49,Completed
2,3,4,152,4,10,1486.41,Pending
28,9,5,318,5,2,280.39,Completed
19,9,8,238,2,1,278.52,Completed
37,4,3,321,1,8,1037.89,Completed
18,7,5,327,5,2,257.3,Completed
60,7,11,49,3,10,1863.11,Pending
3,4,14,93,5,5,4295.49,Completed
40,10,11,325,4,6,1389.75,Completed
79,6,9,236,1,10,3303.49,Completed
61,3,14,71,1,8,6997.35,Completed
22,4,15,154,2,6,777.55,Cancelled
15,2,4,144,2,5,873.24,Completed
51,6,13,156,1,4,1260.13,Completed
13,10,14,364,5,3,2163.23,Pending
100,8,1,245,1,3,278.75,Completed
36,1,15,294,3,4,501.34,Completed
12,2,2,283,1,9,895.05,Completed
51,3,12,260,2,3,868.45,Completed
88,6,14,320,3,2,1534.19,Completed
30,4,4,208,5,7,1089.06,Completed
79,7,3,300,3,9,990.44,Completed
35,6,13,204,2,9,2589.32,Completed
46,1,2,154,1,5,450.67,Completed
4,9,6,222,3,8,1514.52,Pending
72,7,13,277,5,3,1034.45,Completed
53,2,11,203,2,4,1020.32,Completed
12,8,2,68,2,6,698.83,Cancelled
29,3,7,92,4,1,220.53,Completed
10,1,8,22,2,7,1943.06,Completed
90,6,7,67,4,7,1668.51,Pending
74,7,3,13,4,6,790.14,Completed
8,1,15,222,4,2,232.45,Completed
8,9,2,198,1,10,1023.06,Pending
85,7,6,348,2,10,1851.9,Completed
7,6,10,145,4,5,3844.55,Completed
10,6,15,122,3,1,104.7,Pending
92,10,13,44,3,5,1311.22,Completed
43,10,11,199,4,7,1754.82,Completed
98,9,9,184,3,9,3079.47,Completed
4,2,8,291,3,2,561.94,Completed
32,2,7,11,5,10,2141.35,Completed
81,6,8,120,3,2,555.3,Completed
89,8,5,224,2,3,460.95,Completed
78,9,12,353,5,2,460.45,Completed
28,5,14,365,3,10,7691.55,Completed
7,9,11,325,2,5,1066.86,Completed
66,10,11,181,3,1,254.1,Completed
50,3,13,137,3,5,1671.86,Completed
30,9,5,167,3,10,1346.66,Completed
10,2,2,28,1,9,790.88,Pending
27,7,14,254,3,10,7774.03,Completed
44,10,3,243,1,7,859.12,Completed
39,10,15,3,3,3,338.81,Cancelled
68,5,2,105,3,1,108.46,Completed
31,5,9,134,4,9,3923.06,Completed
85,4,7,121,1,8,1646.1,Completed
80,5,10,190,2,5,3628.91,Completed
38,10,8,69,2,1,245.08,Completed
96,6,5,358,3,10,1553.22,Completed
89,5,1,249,3,3,279.77,Completed
25,8,5,84,2,5,841.16,Completed
89,2,4,192,1,1,164.07,Completed
19,7,3,329,2,10,1089.89,Completed
67,8,9,329,4,5,1877.32,Completed
32,7,5,259,2,7,1063.81,Completed
8,9,13,297,3,1,301.87,Completed
11,7,6,10,2,8,1735.27,Completed
80,10,14,103,5,7,5957.0,Completed
42,10,2,96,2,6,589.7,Completed
21,7,8,75,1,6,1428.1,Completed
38,6,9,187,1,7,2877.69,Completed
81,7,3,48,3,1,140.72,Completed
23,4,3,273,3,7,776.02,Completed
46,8,8,258,1,6,1729.65,Completed
43,6,10,192,1,9,5874.91,Completed
60,10,2,203,3,8,705.38,Completed
65,4,15,326,1,1,106.55,Completed
68,5,2,290,3,6,564.15,Completed
81,7,3,332,5,9,1263.46,Cancelled
